id,species_id,name,genus,height,weight,base_experience,hp,attack,defense,spatk,spdef,speed,type1,type2,form_identifier,file_suffix,entry_id,form_id,form_order,evo_order
1,1,Bulbasaur,Seed,7,69,64,45,49,49,65,65,45,12,4,NULL,NULL,1,1,1,1
2,2,Ivysaur,Seed,10,130,142,60,62,63,80,80,60,12,4,NULL,NULL,2,2,1,2
3,3,Venusaur,Seed,20,1000,236,80,82,83,100,100,80,12,4,NULL,NULL,3,3,1,3
4,4,Charmander,Lizard,6,85,62,39,52,43,60,50,65,10,NULL,NULL,NULL,4,4,1,4
5,5,Charmeleon,Flame,11,190,142,58,64,58,80,65,80,10,NULL,NULL,NULL,5,5,1,5
6,6,Charizard,Flame,17,905,240,78,84,78,109,85,100,10,3,NULL,NULL,6,6,1,6
7,7,Squirtle,Tiny Turtle,5,90,63,44,48,65,50,64,43,11,NULL,NULL,NULL,7,7,1,7
8,8,Wartortle,Turtle,10,225,142,59,63,80,65,80,58,11,NULL,NULL,NULL,8,8,1,8
9,9,Blastoise,Shellfish,16,855,239,79,83,100,85,105,78,11,NULL,NULL,NULL,9,9,1,9
10,10,Caterpie,Worm,3,29,39,45,30,35,20,20,45,7,NULL,NULL,NULL,10,10,1,10
11,11,Metapod,Cocoon,7,99,72,50,20,55,25,25,30,7,NULL,NULL,NULL,11,11,1,11
12,12,Butterfree,Butterfly,11,320,173,60,45,50,80,80,70,7,3,NULL,NULL,12,12,1,12
13,13,Weedle,Hairy Bug,3,32,39,40,35,30,20,20,50,7,4,NULL,NULL,13,13,1,13
14,14,Kakuna,Cocoon,6,100,72,45,25,50,25,25,35,7,4,NULL,NULL,14,14,1,14
15,15,Beedrill,Poison Bee,10,295,173,65,80,40,45,80,75,7,4,NULL,NULL,15,15,1,15
16,16,Pidgey,Tiny Bird,3,18,50,40,45,40,35,35,56,1,3,NULL,NULL,16,16,1,16
17,17,Pidgeotto,Bird,11,300,122,63,60,55,50,50,71,1,3,NULL,NULL,17,17,1,17
18,18,Pidgeot,Bird,15,395,211,83,80,75,70,70,91,1,3,NULL,NULL,18,18,1,18
19,19,Rattata,Mouse,3,35,51,30,56,35,25,35,72,1,NULL,NULL,NULL,19,19,1,19
20,20,Raticate,Mouse,7,185,145,55,81,60,50,70,97,1,NULL,NULL,NULL,20,20,1,20
21,21,Spearow,Tiny Bird,3,20,52,40,60,30,31,31,70,1,3,NULL,NULL,21,21,1,21
22,22,Fearow,Beak,12,380,155,65,90,65,61,61,100,1,3,NULL,NULL,22,22,1,22
23,23,Ekans,Snake,20,69,58,35,60,44,40,54,55,4,NULL,NULL,NULL,23,23,1,23
24,24,Arbok,Cobra,35,650,153,60,85,69,65,79,80,4,NULL,NULL,NULL,24,24,1,24
25,25,Pikachu,Mouse,4,60,105,35,55,30,50,40,90,13,NULL,NULL,NULL,25,25,1,26
26,26,Raichu,Mouse,8,300,214,60,90,55,90,80,100,13,NULL,NULL,NULL,26,26,1,27
27,27,Sandshrew,Mouse,6,120,60,50,75,85,20,30,40,5,NULL,NULL,NULL,27,27,1,28
28,28,Sandslash,Mouse,10,295,158,75,100,110,45,55,65,5,NULL,NULL,NULL,28,28,1,29
29,29,Nidoran♀,Poison Pin,4,70,55,55,47,52,40,40,41,4,NULL,NULL,NULL,29,29,1,30
30,30,Nidorina,Poison Pin,8,200,128,70,62,67,55,55,56,4,NULL,NULL,NULL,30,30,1,31
31,31,Nidoqueen,Drill,13,600,223,90,82,87,75,85,76,4,5,NULL,NULL,31,31,1,32
32,32,Nidoran♂,Poison Pin,5,90,55,46,57,40,40,40,50,4,NULL,NULL,NULL,32,32,1,33
33,33,Nidorino,Poison Pin,9,195,128,61,72,57,55,55,65,4,NULL,NULL,NULL,33,33,1,34
34,34,Nidoking,Drill,14,620,223,81,92,77,85,75,85,4,5,NULL,NULL,34,34,1,35
35,35,Clefairy,Fairy,6,75,113,70,45,48,60,65,35,1,NULL,NULL,NULL,35,35,1,37
36,36,Clefable,Fairy,13,400,213,95,70,73,85,90,60,1,NULL,NULL,NULL,36,36,1,38
37,37,Vulpix,Fox,6,99,60,38,41,40,50,65,65,10,NULL,NULL,NULL,37,37,1,39
38,38,Ninetales,Fox,11,199,177,73,76,75,81,100,100,10,NULL,NULL,NULL,38,38,1,40
39,39,Jigglypuff,Balloon,5,55,95,115,45,20,45,25,20,1,NULL,NULL,NULL,39,39,1,42
40,40,Wigglytuff,Balloon,10,120,191,140,70,45,75,50,45,1,NULL,NULL,NULL,40,40,1,43
41,41,Zubat,Bat,8,75,49,40,45,35,30,40,55,4,3,NULL,NULL,41,41,1,44
42,42,Golbat,Bat,16,550,159,75,80,70,65,75,90,4,3,NULL,NULL,42,42,1,45
43,43,Oddish,Weed,5,54,64,45,50,55,75,65,30,12,4,NULL,NULL,43,43,1,47
44,44,Gloom,Weed,8,86,138,60,65,70,85,75,40,12,4,NULL,NULL,44,44,1,48
45,45,Vileplume,Flower,12,186,216,75,80,85,100,90,50,12,4,NULL,NULL,45,45,1,49
46,46,Paras,Mushroom,3,54,57,35,70,55,45,55,25,7,12,NULL,NULL,46,46,1,51
47,47,Parasect,Mushroom,10,295,142,60,95,80,60,80,30,7,12,NULL,NULL,47,47,1,52
48,48,Venonat,Insect,10,300,61,60,55,50,40,55,45,7,4,NULL,NULL,48,48,1,53
49,49,Venomoth,Poison Moth,15,125,158,70,65,60,90,75,90,7,4,NULL,NULL,49,49,1,54
50,50,Diglett,Mole,2,8,53,10,55,25,35,45,95,5,NULL,NULL,NULL,50,50,1,55
51,51,Dugtrio,Mole,7,333,142,35,80,50,50,70,120,5,NULL,NULL,NULL,51,51,1,56
52,52,Meowth,Scratch Cat,4,42,58,40,45,35,40,40,90,1,NULL,NULL,NULL,52,52,1,57
53,53,Persian,Classy Cat,10,320,154,65,70,60,65,65,115,1,NULL,NULL,NULL,53,53,1,58
54,54,Psyduck,Duck,8,196,64,50,52,48,65,50,55,11,NULL,NULL,NULL,54,54,1,59
55,55,Golduck,Duck,17,766,175,80,82,78,95,80,85,11,NULL,NULL,NULL,55,55,1,60
56,56,Mankey,Pig Monkey,5,280,61,40,80,35,35,45,70,2,NULL,NULL,NULL,56,56,1,61
57,57,Primeape,Pig Monkey,10,320,159,65,105,60,60,70,95,2,NULL,NULL,NULL,57,57,1,62
58,58,Growlithe,Puppy,7,190,70,55,70,45,70,50,60,10,NULL,NULL,NULL,58,58,1,63
59,59,Arcanine,Legendary,19,1550,194,90,110,80,100,80,95,10,NULL,NULL,NULL,59,59,1,64
60,60,Poliwag,Tadpole,6,124,60,40,50,40,40,40,90,11,NULL,NULL,NULL,60,60,1,65
61,61,Poliwhirl,Tadpole,10,200,135,65,65,65,50,50,90,11,NULL,NULL,NULL,61,61,1,66
62,62,Poliwrath,Tadpole,13,540,225,90,85,95,70,90,70,11,2,NULL,NULL,62,62,1,67
63,63,Abra,Psi,9,195,62,25,20,15,105,55,90,14,NULL,NULL,NULL,63,63,1,69
64,64,Kadabra,Psi,13,565,140,40,35,30,120,70,105,14,NULL,NULL,NULL,64,64,1,70
65,65,Alakazam,Psi,15,480,221,55,50,45,135,85,120,14,NULL,NULL,NULL,65,65,1,71
66,66,Machop,Superpower,8,195,61,70,80,50,35,35,35,2,NULL,NULL,NULL,66,66,1,72
67,67,Machoke,Superpower,15,705,142,80,100,70,50,60,45,2,NULL,NULL,NULL,67,67,1,73
68,68,Machamp,Superpower,16,1300,227,90,130,80,65,85,55,2,NULL,NULL,NULL,68,68,1,74
69,69,Bellsprout,Flower,7,40,60,50,75,35,70,30,40,12,4,NULL,NULL,69,69,1,75
70,70,Weepinbell,Flycatcher,10,64,137,65,90,50,85,45,55,12,4,NULL,NULL,70,70,1,76
71,71,Victreebel,Flycatcher,17,155,216,80,105,65,100,60,70,12,4,NULL,NULL,71,71,1,77
72,72,Tentacool,Jellyfish,9,455,67,40,40,35,50,100,70,11,4,NULL,NULL,72,72,1,78
73,73,Tentacruel,Jellyfish,16,550,180,80,70,65,80,120,100,11,4,NULL,NULL,73,73,1,79
74,74,Geodude,Rock,4,200,60,40,80,100,30,30,20,6,5,NULL,NULL,74,74,1,80
75,75,Graveler,Rock,10,1050,137,55,95,115,45,45,35,6,5,NULL,NULL,75,75,1,81
76,76,Golem,Megaton,14,3000,218,80,110,130,55,65,45,6,5,NULL,NULL,76,76,1,82
77,77,Ponyta,Fire Horse,10,300,82,50,85,55,65,65,90,10,NULL,NULL,NULL,77,77,1,83
78,78,Rapidash,Fire Horse,17,950,175,65,100,70,80,80,105,10,NULL,NULL,NULL,78,78,1,84
79,79,Slowpoke,Dopey,12,360,63,90,65,65,40,40,15,11,14,NULL,NULL,79,79,1,85
80,80,Slowbro,Hermit Crab,16,785,172,95,75,110,100,80,30,11,14,NULL,NULL,80,80,1,86
81,81,Magnemite,Magnet,3,60,65,25,35,70,95,55,45,13,9,NULL,NULL,81,81,1,88
82,82,Magneton,Magnet,10,600,163,50,60,95,120,70,70,13,9,NULL,NULL,82,82,1,89
83,83,Farfetch'd,Wild Duck,8,150,123,52,65,55,58,62,60,1,3,NULL,NULL,83,83,1,91
84,84,Doduo,Twin Bird,14,392,62,35,85,45,35,35,75,1,3,NULL,NULL,84,84,1,92
85,85,Dodrio,Triple Bird,18,852,161,60,110,70,60,60,100,1,3,NULL,NULL,85,85,1,93
86,86,Seel,Sea Lion,11,900,65,65,45,55,45,70,45,11,NULL,NULL,NULL,86,86,1,94
87,87,Dewgong,Sea Lion,17,1200,166,90,70,80,70,95,70,11,15,NULL,NULL,87,87,1,95
88,88,Grimer,Sludge,9,300,65,80,80,50,40,50,25,4,NULL,NULL,NULL,88,88,1,96
89,89,Muk,Sludge,12,300,175,105,105,75,65,100,50,4,NULL,NULL,NULL,89,89,1,97
90,90,Shellder,Bivalve,3,40,61,30,65,100,45,25,40,11,NULL,NULL,NULL,90,90,1,98
91,91,Cloyster,Bivalve,15,1325,184,50,95,180,85,45,70,11,15,NULL,NULL,91,91,1,99
92,92,Gastly,Gas,13,1,62,30,35,30,100,35,80,8,4,NULL,NULL,92,92,1,100
93,93,Haunter,Gas,16,1,142,45,50,45,115,55,95,8,4,NULL,NULL,93,93,1,101
94,94,Gengar,Shadow,15,405,225,60,65,60,130,75,110,8,4,NULL,NULL,94,94,1,102
95,95,Onix,Rock Snake,88,2100,77,35,45,160,30,45,70,6,5,NULL,NULL,95,95,1,103
96,96,Drowzee,Hypnosis,10,324,66,60,48,45,43,90,42,14,NULL,NULL,NULL,96,96,1,105
97,97,Hypno,Hypnosis,16,756,169,85,73,70,73,115,67,14,NULL,NULL,NULL,97,97,1,106
98,98,Krabby,River Crab,4,65,65,30,105,90,25,25,50,11,NULL,NULL,NULL,98,98,1,107
99,99,Kingler,Pincer,13,600,166,55,130,115,50,50,75,11,NULL,NULL,NULL,99,99,1,108
100,100,Voltorb,Ball,5,104,66,40,30,50,55,55,100,13,NULL,NULL,NULL,100,100,1,109
101,101,Electrode,Ball,12,666,168,60,50,70,80,80,140,13,NULL,NULL,NULL,101,101,1,110
102,102,Exeggcute,Egg,4,25,65,60,40,80,60,45,40,12,14,NULL,NULL,102,102,1,111
103,103,Exeggutor,Coconut,20,1200,182,95,95,85,125,65,55,12,14,NULL,NULL,103,103,1,112
104,104,Cubone,Lonely,4,65,64,50,50,95,40,50,35,5,NULL,NULL,NULL,104,104,1,113
105,105,Marowak,Bone Keeper,10,450,149,60,80,110,50,80,45,5,NULL,NULL,NULL,105,105,1,114
106,106,Hitmonlee,Kicking,15,498,159,50,120,53,35,110,87,2,NULL,NULL,NULL,106,106,1,116
107,107,Hitmonchan,Punching,14,502,159,50,105,79,35,110,76,2,NULL,NULL,NULL,107,107,1,117
108,108,Lickitung,Licking,12,655,77,90,55,75,60,75,30,1,NULL,NULL,NULL,108,108,1,119
109,109,Koffing,Poison Gas,6,10,68,40,65,95,60,45,35,4,NULL,NULL,NULL,109,109,1,121
110,110,Weezing,Poison Gas,12,95,172,65,90,120,85,70,60,4,NULL,NULL,NULL,110,110,1,122
111,111,Rhyhorn,Spikes,10,1150,69,80,85,95,30,30,25,5,6,NULL,NULL,111,111,1,123
112,112,Rhydon,Drill,19,1200,170,105,130,120,45,45,40,5,6,NULL,NULL,112,112,1,124
113,113,Chansey,Egg,11,346,395,250,5,5,35,105,50,1,NULL,NULL,NULL,113,113,1,127
114,114,Tangela,Vine,10,350,87,65,55,115,100,40,60,12,NULL,NULL,NULL,114,114,1,129
115,115,Kangaskhan,Parent,22,800,172,105,95,80,40,80,90,1,NULL,NULL,NULL,115,115,1,131
116,116,Horsea,Dragon,4,80,59,30,40,70,70,25,60,11,NULL,NULL,NULL,116,116,1,132
117,117,Seadra,Dragon,12,250,154,55,65,95,95,45,85,11,NULL,NULL,NULL,117,117,1,133
118,118,Goldeen,Goldfish,6,150,64,45,67,60,35,50,63,11,NULL,NULL,NULL,118,118,1,135
119,119,Seaking,Goldfish,13,390,158,80,92,65,65,80,68,11,NULL,NULL,NULL,119,119,1,136
120,120,Staryu,Star Shape,8,345,68,30,45,55,70,55,85,11,NULL,NULL,NULL,120,120,1,137
121,121,Starmie,Mysterious,11,800,182,60,75,85,100,85,115,11,14,NULL,NULL,121,121,1,138
122,122,Mr. Mime,Barrier,13,545,161,40,45,65,100,120,90,14,NULL,NULL,NULL,122,122,1,140
123,123,Scyther,Mantis,15,560,100,70,110,80,55,80,105,7,3,NULL,NULL,123,123,1,141
124,124,Jynx,Human Shape,14,406,159,65,50,35,115,95,95,15,14,NULL,NULL,124,124,1,144
125,125,Electabuzz,Electric,11,300,172,65,83,57,95,85,105,13,NULL,NULL,NULL,125,125,1,146
126,126,Magmar,Spitfire,13,445,173,65,95,57,100,85,93,10,NULL,NULL,NULL,126,126,1,149
127,127,Pinsir,Stag Beetle,15,550,175,65,125,100,55,70,85,7,NULL,NULL,NULL,127,127,1,151
128,128,Tauros,Wild Bull,14,884,172,75,100,95,40,70,110,1,NULL,NULL,NULL,128,128,1,152
129,129,Magikarp,Fish,9,100,40,20,10,55,15,20,80,11,NULL,NULL,NULL,129,129,1,153
130,130,Gyarados,Atrocious,65,2350,189,95,125,79,60,100,81,11,3,NULL,NULL,130,130,1,154
131,131,Lapras,Transport,25,2200,187,130,85,80,85,95,60,11,15,NULL,NULL,131,131,1,155
132,132,Ditto,Transform,3,40,101,48,48,48,48,48,48,1,NULL,NULL,NULL,132,132,1,156
133,133,Eevee,Evolution,3,65,65,55,55,50,45,65,55,1,NULL,NULL,NULL,133,133,1,157
134,134,Vaporeon,Bubble Jet,10,290,184,130,65,60,110,95,65,11,NULL,NULL,NULL,134,134,1,158
135,135,Jolteon,Lightning,8,245,184,65,65,60,110,95,130,13,NULL,NULL,NULL,135,135,1,159
136,136,Flareon,Flame,9,250,184,65,130,60,95,110,65,10,NULL,NULL,NULL,136,136,1,160
137,137,Porygon,Virtual,8,365,79,65,60,70,85,75,40,1,NULL,NULL,NULL,137,137,1,165
138,138,Omanyte,Spiral,4,75,71,35,40,100,90,55,35,6,11,NULL,NULL,138,138,1,168
139,139,Omastar,Spiral,10,350,173,70,60,125,115,70,55,6,11,NULL,NULL,139,139,1,169
140,140,Kabuto,Shellfish,5,115,71,30,80,90,55,45,55,6,11,NULL,NULL,140,140,1,170
141,141,Kabutops,Shellfish,13,405,173,60,115,105,65,70,80,6,11,NULL,NULL,141,141,1,171
142,142,Aerodactyl,Fossil,18,590,180,80,105,65,60,75,130,6,3,NULL,NULL,142,142,1,172
143,143,Snorlax,Sleeping,21,4600,189,160,110,65,65,110,30,1,NULL,NULL,NULL,143,143,1,174
144,144,Articuno,Freeze,17,554,261,90,85,100,95,125,85,15,3,NULL,NULL,144,144,1,175
145,145,Zapdos,Electric,16,526,261,90,90,85,125,90,100,13,3,NULL,NULL,145,145,1,176
146,146,Moltres,Flame,20,600,261,90,100,90,125,85,90,10,3,NULL,NULL,146,146,1,177
147,147,Dratini,Dragon,18,33,60,41,64,45,50,50,50,16,NULL,NULL,NULL,147,147,1,178
148,148,Dragonair,Dragon,40,165,147,61,84,65,70,70,70,16,NULL,NULL,NULL,148,148,1,179
149,149,Dragonite,Dragon,22,2100,270,91,134,95,100,100,80,16,3,NULL,NULL,149,149,1,180
150,150,Mewtwo,Genetic,20,1220,306,106,110,90,154,90,130,14,NULL,NULL,NULL,150,150,1,181
151,151,Mew,New Species,4,40,270,100,100,100,100,100,100,14,NULL,NULL,NULL,151,151,1,182
152,152,Chikorita,Leaf,9,64,64,45,49,65,49,65,45,12,NULL,NULL,NULL,152,152,1,183
153,153,Bayleef,Leaf,12,158,142,60,62,80,63,80,60,12,NULL,NULL,NULL,153,153,1,184
154,154,Meganium,Herb,18,1005,236,80,82,100,83,100,80,12,NULL,NULL,NULL,154,154,1,185
155,155,Cyndaquil,Fire Mouse,5,79,62,39,52,43,60,50,65,10,NULL,NULL,NULL,155,155,1,186
156,156,Quilava,Volcano,9,190,142,58,64,58,80,65,80,10,NULL,NULL,NULL,156,156,1,187
157,157,Typhlosion,Volcano,17,795,240,78,84,78,109,85,100,10,NULL,NULL,NULL,157,157,1,188
158,158,Totodile,Big Jaw,6,95,63,50,65,64,44,48,43,11,NULL,NULL,NULL,158,158,1,189
159,159,Croconaw,Big Jaw,11,250,142,65,80,80,59,63,58,11,NULL,NULL,NULL,159,159,1,190
160,160,Feraligatr,Big Jaw,23,888,239,85,105,100,79,83,78,11,NULL,NULL,NULL,160,160,1,191
161,161,Sentret,Scout,8,60,43,35,46,34,35,45,20,1,NULL,NULL,NULL,161,161,1,192
162,162,Furret,Long Body,18,325,145,85,76,64,45,55,90,1,NULL,NULL,NULL,162,162,1,193
163,163,Hoothoot,Owl,7,212,52,60,30,30,36,56,50,1,3,NULL,NULL,163,163,1,194
164,164,Noctowl,Owl,16,408,155,100,50,50,76,96,70,1,3,NULL,NULL,164,164,1,195
165,165,Ledyba,Five Star,10,108,53,40,20,30,40,80,55,7,3,NULL,NULL,165,165,1,196
166,166,Ledian,Five Star,14,356,137,55,35,50,55,110,85,7,3,NULL,NULL,166,166,1,197
167,167,Spinarak,String Spit,5,85,50,40,60,40,40,40,30,7,4,NULL,NULL,167,167,1,198
168,168,Ariados,Long Leg,11,335,137,70,90,70,60,60,40,7,4,NULL,NULL,168,168,1,199
169,169,Crobat,Bat,18,750,241,85,90,80,70,80,130,4,3,NULL,NULL,169,169,1,46
170,170,Chinchou,Angler,5,120,66,75,38,38,56,56,67,11,13,NULL,NULL,170,170,1,200
171,171,Lanturn,Light,12,225,161,125,58,58,76,76,67,11,13,NULL,NULL,171,171,1,201
172,172,Pichu,Tiny Mouse,3,20,41,20,40,15,35,35,60,13,NULL,NULL,NULL,172,172,1,25
173,173,Cleffa,Star Shape,3,30,44,50,25,28,45,55,15,1,NULL,NULL,NULL,173,173,1,36
174,174,Igglybuff,Balloon,3,10,42,90,30,15,40,20,15,1,NULL,NULL,NULL,174,174,1,41
175,175,Togepi,Spike Ball,3,15,49,35,20,65,40,65,20,1,NULL,NULL,NULL,175,175,1,202
176,176,Togetic,Happiness,6,32,142,55,40,85,80,105,40,1,3,NULL,NULL,176,176,1,203
177,177,Natu,Tiny Bird,2,20,64,40,50,45,70,45,70,14,3,NULL,NULL,177,177,1,205
178,178,Xatu,Mystic,15,150,165,65,75,70,95,70,95,14,3,NULL,NULL,178,178,1,206
179,179,Mareep,Wool,6,78,56,55,40,40,65,45,35,13,NULL,NULL,NULL,179,179,1,207
180,180,Flaaffy,Wool,8,133,128,70,55,55,80,60,45,13,NULL,NULL,NULL,180,180,1,208
181,181,Ampharos,Light,14,615,225,90,75,75,115,90,55,13,NULL,NULL,NULL,181,181,1,209
182,182,Bellossom,Flower,4,58,216,75,80,85,90,100,50,12,NULL,NULL,NULL,182,182,1,50
183,183,Marill,Aqua Mouse,4,85,88,70,20,50,20,50,40,11,NULL,NULL,NULL,183,183,1,211
184,184,Azumarill,Aqua Rabbit,8,285,185,100,50,80,50,80,50,11,NULL,NULL,NULL,184,184,1,212
185,185,Sudowoodo,Imitation,12,380,144,70,100,115,30,65,30,6,NULL,NULL,NULL,185,185,1,214
186,186,Politoed,Frog,11,339,225,90,75,75,90,100,70,11,NULL,NULL,NULL,186,186,1,68
187,187,Hoppip,Cottonweed,4,5,50,35,35,40,35,55,50,12,3,NULL,NULL,187,187,1,215
188,188,Skiploom,Cottonweed,6,10,119,55,45,50,45,65,80,12,3,NULL,NULL,188,188,1,216
189,189,Jumpluff,Cottonweed,8,30,203,75,55,70,55,85,110,12,3,NULL,NULL,189,189,1,217
190,190,Aipom,Long Tail,8,115,72,55,70,55,40,55,85,1,NULL,NULL,NULL,190,190,1,218
191,191,Sunkern,Seed,3,18,36,30,30,30,30,30,30,12,NULL,NULL,NULL,191,191,1,220
192,192,Sunflora,Sun,8,85,149,75,75,55,105,85,30,12,NULL,NULL,NULL,192,192,1,221
193,193,Yanma,Clear Wing,12,380,78,65,65,45,75,45,95,7,3,NULL,NULL,193,193,1,222
194,194,Wooper,Water Fish,4,85,42,55,45,45,25,25,15,11,5,NULL,NULL,194,194,1,224
195,195,Quagsire,Water Fish,14,750,151,95,85,85,65,65,35,11,5,NULL,NULL,195,195,1,225
196,196,Espeon,Sun,9,265,184,65,65,60,130,95,110,14,NULL,NULL,NULL,196,196,1,161
197,197,Umbreon,Moonlight,10,270,184,95,65,110,60,130,65,17,NULL,NULL,NULL,197,197,1,162
198,198,Murkrow,Darkness,5,21,81,60,85,42,85,42,91,17,3,NULL,NULL,198,198,1,226
199,199,Slowking,Royal,20,795,172,95,75,80,100,110,30,11,14,NULL,NULL,199,199,1,87
200,200,Misdreavus,Screech,7,10,87,60,60,60,85,85,85,8,NULL,NULL,NULL,200,200,1,228
201,201,Unown,Symbol,5,50,118,48,72,48,72,48,48,14,NULL,A,a,201,201,1,230
202,201,Unown,Symbol,5,50,118,48,72,48,72,48,48,14,NULL,B,b,201,650,2,230
203,201,Unown,Symbol,5,50,118,48,72,48,72,48,48,14,NULL,C,c,201,651,3,230
204,201,Unown,Symbol,5,50,118,48,72,48,72,48,48,14,NULL,D,d,201,652,4,230
205,201,Unown,Symbol,5,50,118,48,72,48,72,48,48,14,NULL,E,e,201,653,5,230
206,201,Unown,Symbol,5,50,118,48,72,48,72,48,48,14,NULL,F,f,201,654,6,230
207,201,Unown,Symbol,5,50,118,48,72,48,72,48,48,14,NULL,G,g,201,655,7,230
208,201,Unown,Symbol,5,50,118,48,72,48,72,48,48,14,NULL,H,h,201,656,8,230
209,201,Unown,Symbol,5,50,118,48,72,48,72,48,48,14,NULL,I,i,201,657,9,230
210,201,Unown,Symbol,5,50,118,48,72,48,72,48,48,14,NULL,J,j,201,658,10,230
211,201,Unown,Symbol,5,50,118,48,72,48,72,48,48,14,NULL,K,k,201,659,11,230
212,201,Unown,Symbol,5,50,118,48,72,48,72,48,48,14,NULL,L,l,201,660,12,230
213,201,Unown,Symbol,5,50,118,48,72,48,72,48,48,14,NULL,M,m,201,661,13,230
214,201,Unown,Symbol,5,50,118,48,72,48,72,48,48,14,NULL,N,n,201,662,14,230
215,201,Unown,Symbol,5,50,118,48,72,48,72,48,48,14,NULL,O,o,201,663,15,230
216,201,Unown,Symbol,5,50,118,48,72,48,72,48,48,14,NULL,P,p,201,664,16,230
217,201,Unown,Symbol,5,50,118,48,72,48,72,48,48,14,NULL,Q,q,201,665,17,230
218,201,Unown,Symbol,5,50,118,48,72,48,72,48,48,14,NULL,R,r,201,666,18,230
219,201,Unown,Symbol,5,50,118,48,72,48,72,48,48,14,NULL,S,s,201,667,19,230
220,201,Unown,Symbol,5,50,118,48,72,48,72,48,48,14,NULL,T,t,201,668,20,230
221,201,Unown,Symbol,5,50,118,48,72,48,72,48,48,14,NULL,U,u,201,669,21,230
222,201,Unown,Symbol,5,50,118,48,72,48,72,48,48,14,NULL,V,v,201,670,22,230
223,201,Unown,Symbol,5,50,118,48,72,48,72,48,48,14,NULL,W,w,201,671,23,230
224,201,Unown,Symbol,5,50,118,48,72,48,72,48,48,14,NULL,X,x,201,672,24,230
225,201,Unown,Symbol,5,50,118,48,72,48,72,48,48,14,NULL,Y,y,201,673,25,230
226,201,Unown,Symbol,5,50,118,48,72,48,72,48,48,14,NULL,Z,z,201,674,26,230
227,201,Unown,Symbol,5,50,118,48,72,48,72,48,48,14,NULL,!,exclamation,201,675,27,230
228,201,Unown,Symbol,5,50,118,48,72,48,72,48,48,14,NULL,?,question,201,676,27,230
229,202,Wobbuffet,Patient,13,285,142,190,33,58,33,58,33,14,NULL,NULL,NULL,202,202,1,232
230,203,Girafarig,Long Neck,15,415,159,70,80,65,90,65,85,1,14,NULL,NULL,203,203,1,233
231,204,Pineco,Bagworm,6,72,58,50,65,90,35,35,15,7,NULL,NULL,NULL,204,204,1,234
232,205,Forretress,Bagworm,12,1258,163,75,90,140,60,60,40,7,9,NULL,NULL,205,205,1,235
233,206,Dunsparce,Land Snake,15,140,145,100,70,70,65,65,45,1,NULL,NULL,NULL,206,206,1,236
234,207,Gligar,FlyScorpion,11,648,86,65,75,105,35,65,85,5,3,NULL,NULL,207,207,1,237
235,208,Steelix,Iron Snake,92,4000,179,75,85,200,55,65,30,9,5,NULL,NULL,208,208,1,104
236,209,Snubbull,Fairy,6,78,60,60,80,50,40,40,30,1,NULL,NULL,NULL,209,209,1,239
237,210,Granbull,Fairy,14,487,158,90,120,75,60,60,45,1,NULL,NULL,NULL,210,210,1,240
238,211,Qwilfish,Balloon,5,39,86,65,95,75,55,55,85,11,4,NULL,NULL,211,211,1,241
239,212,Scizor,Pincer,18,1180,175,70,130,100,55,80,65,7,9,NULL,NULL,212,212,1,142
240,213,Shuckle,Mold,6,205,177,20,10,230,10,230,5,7,6,NULL,NULL,213,213,1,242
241,214,Heracross,Single Horn,15,540,175,80,125,75,40,95,85,7,2,NULL,NULL,214,214,1,243
242,215,Sneasel,Sharp Claw,9,280,86,55,95,55,35,75,115,17,15,NULL,NULL,215,215,1,244
243,216,Teddiursa,Little Bear,6,88,66,60,80,50,50,50,40,1,NULL,NULL,NULL,216,216,1,246
244,217,Ursaring,Hibernator,18,1258,175,90,130,75,75,75,55,1,NULL,NULL,NULL,217,217,1,247
245,218,Slugma,Lava,7,350,50,40,40,40,70,40,20,10,NULL,NULL,NULL,218,218,1,248
246,219,Magcargo,Lava,8,550,144,50,50,120,80,80,30,10,6,NULL,NULL,219,219,1,249
247,220,Swinub,Pig,4,65,50,50,50,40,30,30,50,15,5,NULL,NULL,220,220,1,250
248,221,Piloswine,Swine,11,558,158,100,100,80,60,60,50,15,5,NULL,NULL,221,221,1,251
249,222,Corsola,Coral,6,50,133,55,55,85,65,85,35,11,6,NULL,NULL,222,222,1,253
250,223,Remoraid,Jet,6,120,60,35,65,35,65,35,65,11,NULL,NULL,NULL,223,223,1,254
251,224,Octillery,Jet,9,285,168,75,105,75,105,75,45,11,NULL,NULL,NULL,224,224,1,255
252,225,Delibird,Delivery,9,160,116,45,55,45,65,45,75,15,3,NULL,NULL,225,225,1,256
253,226,Mantine,Kite,21,2200,163,65,40,70,80,140,70,11,3,NULL,NULL,226,226,1,258
254,227,Skarmory,Armor Bird,17,505,163,65,80,140,40,70,70,9,3,NULL,NULL,227,227,1,259
255,228,Houndour,Dark,6,108,66,45,60,30,80,50,65,17,10,NULL,NULL,228,228,1,260
256,229,Houndoom,Dark,14,350,175,75,90,50,110,80,95,17,10,NULL,NULL,229,229,1,261
257,230,Kingdra,Dragon,18,1520,243,75,95,95,95,95,85,11,16,NULL,NULL,230,230,1,134
258,231,Phanpy,Long Nose,5,335,66,90,60,60,40,40,40,5,NULL,NULL,NULL,231,231,1,262
259,232,Donphan,Armor,11,1200,175,90,120,120,60,60,50,5,NULL,NULL,NULL,232,232,1,263
260,233,Porygon2,Virtual,6,325,180,85,80,90,105,95,60,1,NULL,NULL,NULL,233,233,1,166
261,234,Stantler,Big Horn,14,712,163,73,95,62,85,65,85,1,NULL,NULL,NULL,234,234,1,264
262,235,Smeargle,Painter,12,580,88,55,20,35,20,45,75,1,NULL,NULL,NULL,235,235,1,265
263,236,Tyrogue,Scuffle,7,210,42,35,35,35,35,35,35,2,NULL,NULL,NULL,236,236,1,115
264,237,Hitmontop,Handstand,14,480,159,50,95,95,35,110,70,2,NULL,NULL,NULL,237,237,1,118
265,238,Smoochum,Kiss,4,60,61,45,30,15,85,65,65,15,14,NULL,NULL,238,238,1,143
266,239,Elekid,Electric,6,235,72,45,63,37,65,55,95,13,NULL,NULL,NULL,239,239,1,145
267,240,Magby,Live Coal,7,214,73,45,75,37,70,55,83,10,NULL,NULL,NULL,240,240,1,148
268,241,Miltank,Milk Cow,12,755,172,95,80,105,40,70,100,1,NULL,NULL,NULL,241,241,1,266
269,242,Blissey,Happiness,15,468,608,255,10,10,75,135,55,1,NULL,NULL,NULL,242,242,1,128
270,243,Raikou,Thunder,19,1780,261,90,85,75,115,100,115,13,NULL,NULL,NULL,243,243,1,267
271,244,Entei,Volcano,21,1980,261,115,115,85,90,75,100,10,NULL,NULL,NULL,244,244,1,268
272,245,Suicune,Aurora,20,1870,261,100,75,115,90,115,85,11,NULL,NULL,NULL,245,245,1,269
273,246,Larvitar,Rock Skin,6,720,60,50,64,50,45,50,41,6,5,NULL,NULL,246,246,1,270
274,247,Pupitar,Hard Shell,12,1520,144,70,84,70,65,70,51,6,5,NULL,NULL,247,247,1,271
275,248,Tyranitar,Armor,20,2020,270,100,134,110,95,100,61,6,17,NULL,NULL,248,248,1,272
276,249,Lugia,Diving,52,2160,306,106,90,130,90,154,110,14,3,NULL,NULL,249,249,1,273
277,250,Ho-Oh,Rainbow,38,1990,306,106,130,90,110,154,90,10,3,NULL,NULL,250,250,1,274
278,251,Celebi,Time Travel,6,50,270,100,100,100,100,100,100,14,12,NULL,NULL,251,251,1,275
279,252,Treecko,Wood Gecko,5,50,62,40,45,35,65,55,70,12,NULL,NULL,NULL,252,252,1,276
280,253,Grovyle,Wood Gecko,9,216,142,50,65,45,85,65,95,12,NULL,NULL,NULL,253,253,1,277
281,254,Sceptile,Forest,17,522,239,70,85,65,105,85,120,12,NULL,NULL,NULL,254,254,1,278
282,255,Torchic,Chick,4,25,62,45,60,40,70,50,45,10,NULL,NULL,NULL,255,255,1,279
283,256,Combusken,Young Fowl,9,195,142,60,85,60,85,60,55,10,2,NULL,NULL,256,256,1,280
284,257,Blaziken,Blaze,19,520,239,80,120,70,110,70,80,10,2,NULL,NULL,257,257,1,281
285,258,Mudkip,Mud Fish,4,76,62,50,70,50,50,50,40,11,NULL,NULL,NULL,258,258,1,282
286,259,Marshtomp,Mud Fish,7,280,142,70,85,70,60,70,50,11,5,NULL,NULL,259,259,1,283
287,260,Swampert,Mud Fish,15,819,241,100,110,90,85,90,60,11,5,NULL,NULL,260,260,1,284
288,261,Poochyena,Bite,5,136,44,35,55,35,30,30,35,17,NULL,NULL,NULL,261,261,1,285
289,262,Mightyena,Bite,10,370,147,70,90,70,60,60,70,17,NULL,NULL,NULL,262,262,1,286
290,263,Zigzagoon,TinyRaccoon,4,175,48,38,30,41,30,41,60,1,NULL,NULL,NULL,263,263,1,287
291,264,Linoone,Rushing,5,325,147,78,70,61,50,61,100,1,NULL,NULL,NULL,264,264,1,288
292,265,Wurmple,Worm,3,36,39,45,45,35,20,30,20,7,NULL,NULL,NULL,265,265,1,289
293,266,Silcoon,Cocoon,6,100,72,50,35,55,25,25,15,7,NULL,NULL,NULL,266,266,1,290
294,267,Beautifly,Butterfly,10,284,173,60,70,50,90,50,65,7,3,NULL,NULL,267,267,1,291
295,268,Cascoon,Cocoon,7,115,41,50,35,55,25,25,15,7,NULL,NULL,NULL,268,268,1,292
296,269,Dustox,Poison Moth,12,316,135,60,50,70,50,90,65,7,4,NULL,NULL,269,269,1,293
297,270,Lotad,Water Weed,5,26,44,40,30,30,40,50,30,11,12,NULL,NULL,270,270,1,294
298,271,Lombre,Jolly,12,325,119,60,50,50,60,70,50,11,12,NULL,NULL,271,271,1,295
299,272,Ludicolo,Carefree,15,550,216,80,70,70,90,100,70,11,12,NULL,NULL,272,272,1,296
300,273,Seedot,Acorn,5,40,44,40,40,50,30,30,30,12,NULL,NULL,NULL,273,273,1,297
301,274,Nuzleaf,Wily,10,280,119,70,70,40,60,40,60,12,17,NULL,NULL,274,274,1,298
302,275,Shiftry,Wicked,13,596,216,90,100,60,90,60,80,12,17,NULL,NULL,275,275,1,299
303,276,Taillow,TinySwallow,3,23,54,40,55,30,30,30,85,1,3,NULL,NULL,276,276,1,300
304,277,Swellow,Swallow,7,198,151,60,85,60,50,50,125,1,3,NULL,NULL,277,277,1,301
305,278,Wingull,Seagull,6,95,54,40,30,30,55,30,85,11,3,NULL,NULL,278,278,1,302
306,279,Pelipper,Water Bird,12,280,151,60,50,100,85,70,65,11,3,NULL,NULL,279,279,1,303
307,280,Ralts,Feeling,4,66,40,28,25,25,45,35,40,14,NULL,NULL,NULL,280,280,1,304
308,281,Kirlia,Emotion,8,202,97,38,35,35,65,55,50,14,NULL,NULL,NULL,281,281,1,305
309,282,Gardevoir,Embrace,16,484,233,68,65,65,125,115,80,14,NULL,NULL,NULL,282,282,1,306
310,283,Surskit,Pond Skater,5,17,54,40,30,32,50,52,65,7,11,NULL,NULL,283,283,1,308
311,284,Masquerain,Eyeball,8,36,145,70,60,62,80,82,60,7,3,NULL,NULL,284,284,1,309
312,285,Shroomish,Mushroom,4,45,59,60,40,60,40,60,35,12,NULL,NULL,NULL,285,285,1,310
313,286,Breloom,Mushroom,12,392,161,60,130,80,60,60,70,12,2,NULL,NULL,286,286,1,311
314,287,Slakoth,Slacker,8,240,56,60,60,60,35,35,30,1,NULL,NULL,NULL,287,287,1,312
315,288,Vigoroth,Wild Monkey,14,465,154,80,80,80,55,55,90,1,NULL,NULL,NULL,288,288,1,313
316,289,Slaking,Lazy,20,1305,252,150,160,100,95,65,100,1,NULL,NULL,NULL,289,289,1,314
317,290,Nincada,Trainee,5,55,53,31,45,90,30,30,40,7,5,NULL,NULL,290,290,1,315
318,291,Ninjask,Ninja,8,120,160,61,90,45,50,50,160,7,3,NULL,NULL,291,291,1,316
319,292,Shedinja,Shed,8,12,83,1,90,45,30,30,40,7,8,NULL,NULL,292,292,1,317
320,293,Whismur,Whisper,6,163,48,64,51,23,51,23,28,1,NULL,NULL,NULL,293,293,1,318
321,294,Loudred,Big Voice,10,405,126,84,71,43,71,43,48,1,NULL,NULL,NULL,294,294,1,319
322,295,Exploud,Loud Noise,15,840,216,104,91,63,91,63,68,1,NULL,NULL,NULL,295,295,1,320
323,296,Makuhita,Guts,10,864,47,72,60,30,20,30,25,2,NULL,NULL,NULL,296,296,1,321
324,297,Hariyama,Arm Thrust,23,2538,166,144,120,60,40,60,50,2,NULL,NULL,NULL,297,297,1,322
325,298,Azurill,Polka Dot,2,20,38,50,20,40,20,40,20,1,NULL,NULL,NULL,298,298,1,210
326,299,Nosepass,Compass,10,970,75,30,45,135,45,90,30,6,NULL,NULL,NULL,299,299,1,323
327,300,Skitty,Kitten,6,110,52,50,45,45,35,35,50,1,NULL,NULL,NULL,300,300,1,325
328,301,Delcatty,Prim,11,326,133,70,65,65,55,55,70,1,NULL,NULL,NULL,301,301,1,326
329,302,Sableye,Darkness,5,110,133,50,75,75,65,65,50,17,8,NULL,NULL,302,302,1,327
330,303,Mawile,Deceiver,6,115,133,50,85,85,55,55,50,9,NULL,NULL,NULL,303,303,1,328
331,304,Aron,Iron Armor,4,600,66,50,70,100,40,40,30,9,6,NULL,NULL,304,304,1,329
332,305,Lairon,Iron Armor,9,1200,151,60,90,140,50,50,40,9,6,NULL,NULL,305,305,1,330
333,306,Aggron,Iron Armor,21,3600,239,70,110,180,60,60,50,9,6,NULL,NULL,306,306,1,331
334,307,Meditite,Meditate,6,112,56,30,40,55,40,55,60,2,14,NULL,NULL,307,307,1,332
335,308,Medicham,Meditate,13,315,144,60,60,75,60,75,80,2,14,NULL,NULL,308,308,1,333
336,309,Electrike,Lightning,6,152,59,40,45,40,65,40,65,13,NULL,NULL,NULL,309,309,1,334
337,310,Manectric,Discharge,15,402,166,70,75,60,105,60,105,13,NULL,NULL,NULL,310,310,1,335
338,311,Plusle,Cheering,4,42,142,60,50,40,85,75,95,13,NULL,NULL,NULL,311,311,1,336
339,312,Minun,Cheering,4,42,142,60,40,50,75,85,95,13,NULL,NULL,NULL,312,312,1,337
340,313,Volbeat,Firefly,7,177,140,65,73,55,47,75,85,7,NULL,NULL,NULL,313,313,1,338
341,314,Illumise,Firefly,6,177,140,65,47,55,73,75,85,7,NULL,NULL,NULL,314,314,1,339
342,315,Roselia,Thorn,3,20,140,50,60,45,100,80,65,12,4,NULL,NULL,315,315,1,341
343,316,Gulpin,Stomach,4,103,60,70,43,53,43,53,40,4,NULL,NULL,NULL,316,316,1,343
344,317,Swalot,Poison Bag,17,800,163,100,73,83,73,83,55,4,NULL,NULL,NULL,317,317,1,344
345,318,Carvanha,Savage,8,208,61,45,90,20,65,20,65,11,17,NULL,NULL,318,318,1,345
346,319,Sharpedo,Brutal,18,888,161,70,120,40,95,40,95,11,17,NULL,NULL,319,319,1,346
347,320,Wailmer,Ball Whale,20,1300,80,130,70,35,70,35,60,11,NULL,NULL,NULL,320,320,1,347
348,321,Wailord,Float Whale,145,3980,175,170,90,45,90,45,60,11,NULL,NULL,NULL,321,321,1,348
349,322,Numel,Numb,7,240,61,60,60,40,65,45,35,10,5,NULL,NULL,322,322,1,349
350,323,Camerupt,Eruption,19,2200,161,70,100,70,105,75,40,10,5,NULL,NULL,323,323,1,350
351,324,Torkoal,Coal,5,804,165,70,85,140,85,70,20,10,NULL,NULL,NULL,324,324,1,351
352,325,Spoink,Bounce,7,306,66,60,25,35,70,80,60,14,NULL,NULL,NULL,325,325,1,352
353,326,Grumpig,Manipulate,9,715,165,80,45,65,90,110,80,14,NULL,NULL,NULL,326,326,1,353
354,327,Spinda,Spot Panda,11,50,126,60,60,60,60,60,60,1,NULL,NULL,NULL,327,327,1,354
355,328,Trapinch,Ant Pit,7,150,58,45,100,45,45,45,10,5,NULL,NULL,NULL,328,328,1,355
356,329,Vibrava,Vibration,11,153,119,50,70,50,50,50,70,5,16,NULL,NULL,329,329,1,356
357,330,Flygon,Mystic,20,820,234,80,100,80,80,80,100,5,16,NULL,NULL,330,330,1,357
358,331,Cacnea,Cactus,4,513,67,50,85,40,85,40,35,12,NULL,NULL,NULL,331,331,1,358
359,332,Cacturne,Scarecrow,13,774,166,70,115,60,115,60,55,12,17,NULL,NULL,332,332,1,359
360,333,Swablu,Cotton Bird,4,12,62,45,40,60,40,75,50,1,3,NULL,NULL,333,333,1,360
361,334,Altaria,Humming,11,206,172,75,70,90,70,105,80,16,3,NULL,NULL,334,334,1,361
362,335,Zangoose,Cat Ferret,13,403,160,73,115,60,60,60,90,1,NULL,NULL,NULL,335,335,1,362
363,336,Seviper,Fang Snake,27,525,160,73,100,60,100,60,65,4,NULL,NULL,NULL,336,336,1,363
364,337,Lunatone,Meteorite,10,1680,154,70,55,65,95,85,70,6,14,NULL,NULL,337,337,1,364
365,338,Solrock,Meteorite,12,1540,154,70,95,85,55,65,70,6,14,NULL,NULL,338,338,1,365
366,339,Barboach,Whiskers,4,19,58,50,48,43,46,41,60,11,5,NULL,NULL,339,339,1,366
367,340,Whiscash,Whiskers,9,236,164,110,78,73,76,71,60,11,5,NULL,NULL,340,340,1,367
368,341,Corphish,Ruffian,6,115,62,43,80,65,50,35,35,11,NULL,NULL,NULL,341,341,1,368
369,342,Crawdaunt,Rogue,11,328,164,63,120,85,90,55,55,11,17,NULL,NULL,342,342,1,369
370,343,Baltoy,Clay Doll,5,215,60,40,40,55,40,70,55,5,14,NULL,NULL,343,343,1,370
371,344,Claydol,Clay Doll,15,1080,175,60,70,105,70,120,75,5,14,NULL,NULL,344,344,1,371
372,345,Lileep,Sea Lily,10,238,71,66,41,77,61,87,23,6,12,NULL,NULL,345,345,1,372
373,346,Cradily,Barnacle,15,604,173,86,81,97,81,107,43,6,12,NULL,NULL,346,346,1,373
374,347,Anorith,Old Shrimp,7,125,71,45,95,50,40,50,75,6,7,NULL,NULL,347,347,1,374
375,348,Armaldo,Plate,15,682,173,75,125,100,70,80,45,6,7,NULL,NULL,348,348,1,375
376,349,Feebas,Fish,6,74,40,20,15,20,10,55,80,11,NULL,NULL,NULL,349,349,1,376
377,350,Milotic,Tender,62,1620,189,95,60,79,100,125,81,11,NULL,NULL,NULL,350,350,1,377
378,351,Castform,Weather,3,8,147,70,70,70,70,70,70,1,NULL,NULL,NULL,351,351,1,378
379,351,Castform,Weather,3,8,147,70,70,70,70,70,70,10,NULL,Sunny Form,sunny,662,677,2,379
380,351,Castform,Weather,3,8,147,70,70,70,70,70,70,11,NULL,Rainy Form,rainy,663,678,3,380
381,351,Castform,Weather,3,8,147,70,70,70,70,70,70,15,NULL,Snowy Form,snowy,664,679,4,381
382,352,Kecleon,Color Swap,10,220,154,60,90,70,60,120,40,1,NULL,NULL,NULL,352,352,1,382
383,353,Shuppet,Puppet,6,23,59,44,75,35,63,33,45,8,NULL,NULL,NULL,353,353,1,383
384,354,Banette,Marionette,11,125,159,64,115,65,83,63,65,8,NULL,NULL,NULL,354,354,1,384
385,355,Duskull,Requiem,8,150,59,20,40,90,30,90,25,8,NULL,NULL,NULL,355,355,1,385
386,356,Dusclops,Beckon,16,306,159,40,70,130,60,130,25,8,NULL,NULL,NULL,356,356,1,386
387,357,Tropius,Fruit,20,1000,161,99,68,83,72,87,51,12,3,NULL,NULL,357,357,1,388
388,358,Chimecho,Wind Chime,6,10,149,65,50,70,95,80,65,14,NULL,NULL,NULL,358,358,1,390
389,359,Absol,Disaster,12,470,163,65,130,60,75,60,75,17,NULL,NULL,NULL,359,359,1,391
390,360,Wynaut,Bright,6,140,52,95,23,48,23,48,23,14,NULL,NULL,NULL,360,360,1,231
391,361,Snorunt,Snow Hat,7,168,60,50,50,50,50,50,50,15,NULL,NULL,NULL,361,361,1,392
392,362,Glalie,Face,15,2565,168,80,80,80,80,80,80,15,NULL,NULL,NULL,362,362,1,393
393,363,Spheal,Clap,8,395,58,70,40,50,55,50,25,15,11,NULL,NULL,363,363,1,395
394,364,Sealeo,Ball Roll,11,876,144,90,60,70,75,70,45,15,11,NULL,NULL,364,364,1,396
395,365,Walrein,Ice Break,14,1506,239,110,80,90,95,90,65,15,11,NULL,NULL,365,365,1,397
396,366,Clamperl,Bivalve,4,525,69,35,64,85,74,55,32,11,NULL,NULL,NULL,366,366,1,398
397,367,Huntail,Deep Sea,17,270,170,55,104,105,94,75,52,11,NULL,NULL,NULL,367,367,1,399
398,368,Gorebyss,South Sea,18,226,170,55,84,105,114,75,52,11,NULL,NULL,NULL,368,368,1,400
399,369,Relicanth,Longevity,10,234,170,100,90,130,45,65,55,11,6,NULL,NULL,369,369,1,401
400,370,Luvdisc,Rendezvous,6,87,116,43,30,55,40,65,97,11,NULL,NULL,NULL,370,370,1,402
401,371,Bagon,Rock Head,6,421,60,45,75,60,40,30,50,16,NULL,NULL,NULL,371,371,1,403
402,372,Shelgon,Endurance,11,1105,147,65,95,100,60,50,50,16,NULL,NULL,NULL,372,372,1,404
403,373,Salamence,Dragon,15,1026,270,95,135,80,110,80,100,16,3,NULL,NULL,373,373,1,405
404,374,Beldum,Iron Ball,6,952,60,40,55,80,35,60,30,9,14,NULL,NULL,374,374,1,406
405,375,Metang,Iron Claw,12,2025,147,60,75,100,55,80,50,9,14,NULL,NULL,375,375,1,407
406,376,Metagross,Iron Leg,16,5500,270,80,135,130,95,90,70,9,14,NULL,NULL,376,376,1,408
407,377,Regirock,Rock Peak,17,2300,261,80,100,200,50,100,50,6,NULL,NULL,NULL,377,377,1,409
408,378,Regice,Iceberg,18,1750,261,80,50,100,100,200,50,15,NULL,NULL,NULL,378,378,1,410
409,379,Registeel,Iron,19,2050,261,80,75,150,75,150,50,9,NULL,NULL,NULL,379,379,1,411
410,380,Latias,Eon,14,400,270,80,80,90,110,130,110,16,14,NULL,NULL,380,380,1,412
411,381,Latios,Eon,20,600,270,80,90,80,130,110,110,16,14,NULL,NULL,381,381,1,413
412,382,Kyogre,Sea Basin,45,3520,302,100,100,90,150,140,90,11,NULL,NULL,NULL,382,382,1,414
413,383,Groudon,Continent,35,9500,302,100,150,140,100,90,90,5,NULL,NULL,NULL,383,383,1,415
414,384,Rayquaza,Sky High,70,2065,306,105,150,90,150,90,95,16,3,NULL,NULL,384,384,1,416
415,385,Jirachi,Wish,3,11,270,100,100,100,100,100,100,9,14,NULL,NULL,385,385,1,417
416,386,Deoxys,DNA,17,608,270,50,150,50,150,50,150,14,NULL,Normal Forme,normal,386,386,1,418
417,386,Deoxys,DNA,17,608,270,50,180,20,180,20,150,14,NULL,Attack Forme,attack,650,680,2,419
418,386,Deoxys,DNA,17,608,270,50,70,160,70,160,90,14,NULL,Defense Forme,defense,651,681,3,420
419,386,Deoxys,DNA,17,608,270,50,95,90,95,90,180,14,NULL,Speed Forme,speed,652,682,4,421
420,387,Turtwig,Tiny Leaf,4,102,64,55,68,64,45,55,31,12,NULL,NULL,NULL,387,387,1,422
421,388,Grotle,Grove,11,970,142,75,89,85,55,65,36,12,NULL,NULL,NULL,388,388,1,423
422,389,Torterra,Continent,22,3100,236,95,109,105,75,85,56,12,5,NULL,NULL,389,389,1,424
423,390,Chimchar,Chimp,5,62,62,44,58,44,58,44,61,10,NULL,NULL,NULL,390,390,1,425
424,391,Monferno,Playful,9,220,142,64,78,52,78,52,81,10,2,NULL,NULL,391,391,1,426
425,392,Infernape,Flame,12,550,240,76,104,71,104,71,108,10,2,NULL,NULL,392,392,1,427
426,393,Piplup,Penguin,4,52,63,53,51,53,61,56,40,11,NULL,NULL,NULL,393,393,1,428
427,394,Prinplup,Penguin,8,230,142,64,66,68,81,76,50,11,NULL,NULL,NULL,394,394,1,429
428,395,Empoleon,Emperor,17,845,239,84,86,88,111,101,60,11,9,NULL,NULL,395,395,1,430
429,396,Starly,Starling,3,20,49,40,55,30,30,30,60,1,3,NULL,NULL,396,396,1,431
430,397,Staravia,Starling,6,155,119,55,75,50,40,40,80,1,3,NULL,NULL,397,397,1,432
431,398,Staraptor,Predator,12,249,214,85,120,70,50,50,100,1,3,NULL,NULL,398,398,1,433
432,399,Bidoof,Plump Mouse,5,200,50,59,45,40,35,40,31,1,NULL,NULL,NULL,399,399,1,434
433,400,Bibarel,Beaver,10,315,144,79,85,60,55,60,71,1,11,NULL,NULL,400,400,1,435
434,401,Kricketot,Cricket,3,22,39,37,25,41,25,41,25,7,NULL,NULL,NULL,401,401,1,436
435,402,Kricketune,Cricket,10,255,134,77,85,51,55,51,65,7,NULL,NULL,NULL,402,402,1,437
436,403,Shinx,Flash,5,95,53,45,65,34,40,34,45,13,NULL,NULL,NULL,403,403,1,438
437,404,Luxio,Spark,9,305,127,60,85,49,60,49,60,13,NULL,NULL,NULL,404,404,1,439
438,405,Luxray,Gleam Eyes,14,420,235,80,120,79,95,79,70,13,NULL,NULL,NULL,405,405,1,440
439,406,Budew,Bud,2,12,56,40,30,35,50,70,55,12,4,NULL,NULL,406,406,1,340
440,407,Roserade,Bouquet,9,145,227,60,70,55,125,105,90,12,4,NULL,NULL,407,407,1,342
441,408,Cranidos,Head Butt,9,315,70,67,125,40,30,30,58,6,NULL,NULL,NULL,408,408,1,441
442,409,Rampardos,Head Butt,16,1025,173,97,165,60,65,50,58,6,NULL,NULL,NULL,409,409,1,442
443,410,Shieldon,Shield,5,570,70,30,42,118,42,88,30,6,9,NULL,NULL,410,410,1,443
444,411,Bastiodon,Shield,13,1495,173,60,52,168,47,138,30,6,9,NULL,NULL,411,411,1,444
445,412,Burmy,Bagworm,2,34,45,40,29,45,29,45,36,7,NULL,Plant Cloak,plant,412,412,1,445
446,412,Burmy,Bagworm,2,34,45,40,29,45,29,45,36,7,NULL,Sandy Cloak,sandy,412,683,2,445
447,412,Burmy,Bagworm,2,34,45,40,29,45,29,45,36,7,NULL,Trash Cloak,trash,412,684,3,445
448,413,Wormadam,Bagworm,5,65,148,60,59,85,79,105,36,7,12,Plant Cloak,plant,413,413,1,446
449,413,Wormadam,Bagworm,5,65,148,60,79,105,59,85,36,7,5,Sandy Cloak,sandy,653,685,2,447
450,413,Wormadam,Bagworm,5,65,148,60,69,95,69,95,36,7,9,Trash Cloak,trash,654,686,3,448
451,414,Mothim,Moth,9,233,148,70,94,50,94,50,66,7,3,NULL,NULL,414,414,1,449
452,415,Combee,Tiny Bee,3,55,49,30,30,42,30,42,70,7,3,NULL,NULL,415,415,1,450
453,416,Vespiquen,Beehive,12,385,166,70,80,102,80,102,40,7,3,NULL,NULL,416,416,1,451
454,417,Pachirisu,EleSquirrel,4,39,142,60,45,70,45,90,95,13,NULL,NULL,NULL,417,417,1,452
455,418,Buizel,Sea Weasel,7,295,66,55,65,35,60,30,85,11,NULL,NULL,NULL,418,418,1,453
456,419,Floatzel,Sea Weasel,11,335,173,85,105,55,85,50,115,11,NULL,NULL,NULL,419,419,1,454
457,420,Cherubi,Cherry,4,33,55,45,35,45,62,53,35,12,NULL,NULL,NULL,420,420,1,455
458,421,Cherrim,Blossom,5,93,158,70,60,70,87,78,85,12,NULL,Overcast Form,overcast,421,421,1,456
459,421,Cherrim,Blossom,5,93,158,70,60,70,87,78,85,12,NULL,Sunshine Form,sunshine,421,687,2,456
460,422,Shellos,Sea Slug,3,63,65,76,48,48,57,62,34,11,NULL,West Sea,west,422,422,1,457
461,422,Shellos,Sea Slug,3,63,65,76,48,48,57,62,34,11,NULL,East Sea,east,422,688,2,457
462,423,Gastrodon,Sea Slug,9,299,166,111,83,68,92,82,39,11,5,West Sea,west,423,423,1,458
463,423,Gastrodon,Sea Slug,9,299,166,111,83,68,92,82,39,11,5,East Sea,east,423,689,2,458
464,424,Ambipom,Long Tail,12,203,169,75,100,66,60,66,115,1,NULL,NULL,NULL,424,424,1,219
465,425,Drifloon,Balloon,4,12,70,90,50,34,60,44,70,8,3,NULL,NULL,425,425,1,459
466,426,Drifblim,Blimp,12,150,174,150,80,44,90,54,80,8,3,NULL,NULL,426,426,1,460
467,427,Buneary,Rabbit,4,55,70,55,66,44,44,56,85,1,NULL,NULL,NULL,427,427,1,461
468,428,Lopunny,Rabbit,12,333,168,65,76,84,54,96,105,1,NULL,NULL,NULL,428,428,1,462
469,429,Mismagius,Magical,9,44,173,60,60,60,105,105,105,8,NULL,NULL,NULL,429,429,1,229
470,430,Honchkrow,Big Boss,9,273,177,100,125,52,105,52,71,17,3,NULL,NULL,430,430,1,227
471,431,Glameow,Catty,5,39,62,49,55,42,42,37,85,1,NULL,NULL,NULL,431,431,1,463
472,432,Purugly,Tiger Cat,10,438,158,71,82,64,64,59,112,1,NULL,NULL,NULL,432,432,1,464
473,433,Chingling,Bell,2,6,57,45,30,50,65,50,45,14,NULL,NULL,NULL,433,433,1,389
474,434,Stunky,Skunk,4,192,66,63,63,47,41,41,74,4,17,NULL,NULL,434,434,1,465
475,435,Skuntank,Skunk,10,380,168,103,93,67,71,61,84,4,17,NULL,NULL,435,435,1,466
476,436,Bronzor,Bronze,5,605,60,57,24,86,24,86,23,9,14,NULL,NULL,436,436,1,467
477,437,Bronzong,Bronze Bell,13,1870,175,67,89,116,79,116,33,9,14,NULL,NULL,437,437,1,468
478,438,Bonsly,Bonsai,5,150,58,50,80,95,10,45,10,6,NULL,NULL,NULL,438,438,1,213
479,439,Mime Jr.,Mime,6,130,62,20,25,45,70,90,60,14,NULL,NULL,NULL,439,439,1,139
480,440,Happiny,Playhouse,6,244,110,100,5,5,15,65,30,1,NULL,NULL,NULL,440,440,1,126
481,441,Chatot,Music Note,5,19,144,76,65,45,92,42,91,1,3,NULL,NULL,441,441,1,469
482,442,Spiritomb,Forbidden,10,1080,170,50,92,108,92,108,35,8,17,NULL,NULL,442,442,1,470
483,443,Gible,Land Shark,7,205,60,58,70,45,40,45,42,16,5,NULL,NULL,443,443,1,471
484,444,Gabite,Cave,14,560,144,68,90,65,50,55,82,16,5,NULL,NULL,444,444,1,472
485,445,Garchomp,Mach,19,950,270,108,130,95,80,85,102,16,5,NULL,NULL,445,445,1,473
486,446,Munchlax,Big Eater,6,1050,78,135,85,40,40,85,5,1,NULL,NULL,NULL,446,446,1,173
487,447,Riolu,Emanation,7,202,57,40,70,40,35,40,60,2,NULL,NULL,NULL,447,447,1,474
488,448,Lucario,Aura,12,540,184,70,110,70,115,70,90,2,9,NULL,NULL,448,448,1,475
489,449,Hippopotas,Hippo,8,495,66,68,72,78,38,42,32,5,NULL,NULL,NULL,449,449,1,476
490,450,Hippowdon,Heavyweight,20,3000,184,108,112,118,68,72,47,5,NULL,NULL,NULL,450,450,1,477
491,451,Skorupi,Scorpion,8,120,66,40,50,90,30,55,65,4,7,NULL,NULL,451,451,1,478
492,452,Drapion,Ogre Scorp,13,615,175,70,90,110,60,75,95,4,17,NULL,NULL,452,452,1,479
493,453,Croagunk,Toxic Mouth,7,230,60,48,61,40,61,40,50,4,2,NULL,NULL,453,453,1,480
494,454,Toxicroak,Toxic Mouth,13,444,172,83,106,65,86,65,85,4,2,NULL,NULL,454,454,1,481
495,455,Carnivine,Bug Catcher,14,270,159,74,100,72,90,72,46,12,NULL,NULL,NULL,455,455,1,482
496,456,Finneon,Wing Fish,4,70,66,49,49,56,49,61,66,11,NULL,NULL,NULL,456,456,1,483
497,457,Lumineon,Neon,12,240,161,69,69,76,69,86,91,11,NULL,NULL,NULL,457,457,1,484
498,458,Mantyke,Kite,10,650,69,45,20,50,60,120,50,11,3,NULL,NULL,458,458,1,257
499,459,Snover,Frost Tree,10,505,67,60,62,50,62,60,40,12,15,NULL,NULL,459,459,1,485
500,460,Abomasnow,Frost Tree,22,1355,173,90,92,75,92,85,60,12,15,NULL,NULL,460,460,1,486
501,461,Weavile,Sharp Claw,11,340,179,70,120,65,45,85,125,17,15,NULL,NULL,461,461,1,245
502,462,Magnezone,Magnet Area,12,1800,241,70,70,115,130,90,60,13,9,NULL,NULL,462,462,1,90
503,463,Lickilicky,Licking,17,1400,180,110,85,95,80,95,50,1,NULL,NULL,NULL,463,463,1,120
504,464,Rhyperior,Drill,24,2828,241,115,140,130,55,55,40,5,6,NULL,NULL,464,464,1,125
505,465,Tangrowth,Vine,20,1286,187,100,100,125,110,50,50,12,NULL,NULL,NULL,465,465,1,130
506,466,Electivire,Thunderbolt,18,1386,243,75,123,67,95,85,95,13,NULL,NULL,NULL,466,466,1,147
507,467,Magmortar,Blast,16,680,243,75,95,67,125,95,83,10,NULL,NULL,NULL,467,467,1,150
508,468,Togekiss,Jubilee,15,380,245,85,50,95,120,115,80,1,3,NULL,NULL,468,468,1,204
509,469,Yanmega,Ogre Darner,19,515,180,86,76,86,116,56,95,7,3,NULL,NULL,469,469,1,223
510,470,Leafeon,Verdant,10,255,184,65,110,130,60,65,95,12,NULL,NULL,NULL,470,470,1,163
511,471,Glaceon,Fresh Snow,8,259,184,65,60,110,130,95,65,15,NULL,NULL,NULL,471,471,1,164
512,472,Gliscor,Fang Scorp,20,425,179,75,95,125,45,75,95,5,3,NULL,NULL,472,472,1,238
513,473,Mamoswine,Twin Tusk,25,2910,239,110,130,80,70,60,80,15,5,NULL,NULL,473,473,1,252
514,474,Porygon-Z,Virtual,9,340,241,85,80,70,135,75,90,1,NULL,NULL,NULL,474,474,1,167
515,475,Gallade,Blade,16,520,233,68,125,65,65,115,80,14,2,NULL,NULL,475,475,1,307
516,476,Probopass,Compass,14,3400,184,60,55,145,75,150,40,6,9,NULL,NULL,476,476,1,324
517,477,Dusknoir,Gripper,22,1066,236,45,100,135,65,135,45,8,NULL,NULL,NULL,477,477,1,387
518,478,Froslass,Snow Land,13,266,168,70,80,70,80,70,110,15,8,NULL,NULL,478,478,1,394
519,479,Rotom,Plasma,3,3,154,50,50,77,95,77,91,13,8,NULL,NULL,479,479,1,487
520,479,Rotom,Plasma,3,3,182,50,65,107,105,107,86,13,10,Heat Rotom,heat,657,707,2,488
521,479,Rotom,Plasma,3,3,182,50,65,107,105,107,86,13,11,Wash Rotom,wash,658,708,3,489
522,479,Rotom,Plasma,3,3,182,50,65,107,105,107,86,13,15,Frost Rotom,frost,659,709,4,490
523,479,Rotom,Plasma,3,3,182,50,65,107,105,107,86,13,3,Fan Rotom,fan,660,710,5,491
524,479,Rotom,Plasma,3,3,182,50,65,107,105,107,86,13,12,Mow Rotom,mow,661,711,6,492
525,480,Uxie,Knowledge,3,3,261,75,75,130,75,130,95,14,NULL,NULL,NULL,480,480,1,493
526,481,Mesprit,Emotion,3,3,261,80,105,105,105,105,80,14,NULL,NULL,NULL,481,481,1,494
527,482,Azelf,Willpower,3,3,261,75,125,70,125,70,115,14,NULL,NULL,NULL,482,482,1,495
528,483,Dialga,Temporal,54,6830,306,100,120,120,150,100,90,9,16,NULL,NULL,483,483,1,496
529,484,Palkia,Spatial,42,3360,306,90,120,100,150,120,100,11,16,NULL,NULL,484,484,1,497
530,485,Heatran,Lava Dome,17,4300,270,91,90,106,130,106,77,10,9,NULL,NULL,485,485,1,498
531,486,Regigigas,Colossal,37,4200,302,110,160,110,80,110,100,1,NULL,NULL,NULL,486,486,1,499
532,487,Giratina,Renegade,45,7500,306,150,100,120,100,120,90,8,16,Altered Forme,altered,487,487,1,500
533,487,Giratina,Renegade,69,6500,306,150,120,100,120,100,90,8,16,Origin Forme,origin,656,712,2,501
534,488,Cresselia,Lunar,15,856,270,120,70,120,75,130,85,14,NULL,NULL,NULL,488,488,1,502
535,489,Phione,Sea Drifter,4,31,216,80,80,80,80,80,80,11,NULL,NULL,NULL,489,489,1,503
536,490,Manaphy,Seafaring,3,14,270,100,100,100,100,100,100,11,NULL,NULL,NULL,490,490,1,504
537,491,Darkrai,Pitch-Black,15,505,270,70,90,90,135,90,125,17,NULL,NULL,NULL,491,491,1,505
538,492,Shaymin,Gratitude,2,21,270,100,100,100,100,100,100,12,NULL,Land Forme,land,492,492,1,506
539,492,Shaymin,Gratitude,4,52,270,100,103,75,120,75,127,12,3,Sky Forme,sky,655,713,2,507
540,493,Arceus,Alpha,32,3200,324,120,120,120,120,120,120,1,NULL,Normal Type,normal,493,493,1,508
541,493,Arceus,Alpha,32,3200,324,120,120,120,120,120,120,1,NULL,Bug Type,bug,493,690,2,508
542,493,Arceus,Alpha,32,3200,324,120,120,120,120,120,120,1,NULL,Dark Type,dark,493,691,2,508
543,493,Arceus,Alpha,32,3200,324,120,120,120,120,120,120,1,NULL,Dragon Type,dragon,493,692,2,508
544,493,Arceus,Alpha,32,3200,324,120,120,120,120,120,120,1,NULL,Electric Type,electric,493,693,2,508
545,493,Arceus,Alpha,32,3200,324,120,120,120,120,120,120,1,NULL,Fighting Type,fighting,493,694,2,508
546,493,Arceus,Alpha,32,3200,324,120,120,120,120,120,120,1,NULL,Fire Type,fire,493,695,2,508
547,493,Arceus,Alpha,32,3200,324,120,120,120,120,120,120,1,NULL,Flying Type,flying,493,696,2,508
548,493,Arceus,Alpha,32,3200,324,120,120,120,120,120,120,1,NULL,Ghost Type,ghost,493,697,2,508
549,493,Arceus,Alpha,32,3200,324,120,120,120,120,120,120,1,NULL,Grass Type,grass,493,698,2,508
550,493,Arceus,Alpha,32,3200,324,120,120,120,120,120,120,1,NULL,Ground Type,ground,493,699,2,508
551,493,Arceus,Alpha,32,3200,324,120,120,120,120,120,120,1,NULL,Ice Type,ice,493,700,2,508
552,493,Arceus,Alpha,32,3200,324,120,120,120,120,120,120,1,NULL,Poison Type,poison,493,701,2,508
553,493,Arceus,Alpha,32,3200,324,120,120,120,120,120,120,1,NULL,Psychic Type,psychic,493,702,2,508
554,493,Arceus,Alpha,32,3200,324,120,120,120,120,120,120,1,NULL,Rock Type,rock,493,703,2,508
555,493,Arceus,Alpha,32,3200,324,120,120,120,120,120,120,1,NULL,Steel Type,steel,493,704,2,508
556,493,Arceus,Alpha,32,3200,324,120,120,120,120,120,120,1,NULL,Water Type,water,493,705,2,508
557,494,Victini,Victory,4,40,270,100,100,100,100,100,100,14,10,NULL,NULL,494,494,1,509
558,495,Snivy,Grass Snake,6,81,62,45,45,55,45,55,63,12,NULL,NULL,NULL,495,495,1,510
559,496,Servine,Grass Snake,8,160,145,60,60,75,60,75,83,12,NULL,NULL,NULL,496,496,1,511
560,497,Serperior,Regal,33,630,238,75,75,95,75,95,113,12,NULL,NULL,NULL,497,497,1,512
561,498,Tepig,Fire Pig,5,99,62,65,63,45,45,45,45,10,NULL,NULL,NULL,498,498,1,513
562,499,Pignite,Fire Pig,10,555,146,90,93,55,70,55,55,10,2,NULL,NULL,499,499,1,514
563,500,Emboar,Mega Fire Pig,16,1500,238,110,123,65,100,65,65,10,2,NULL,NULL,500,500,1,515
564,501,Oshawott,Sea Otter,5,59,62,55,55,45,63,45,45,11,NULL,NULL,NULL,501,501,1,516
565,502,Dewott,Discipline,8,245,145,75,75,60,83,60,60,11,NULL,NULL,NULL,502,502,1,517
566,503,Samurott,Formidable,15,946,238,95,100,85,108,70,70,11,NULL,NULL,NULL,503,503,1,518
567,504,Patrat,Scout,5,116,51,45,55,39,35,39,42,1,NULL,NULL,NULL,504,504,1,519
568,505,Watchog,Lookout,11,270,147,60,85,69,60,69,77,1,NULL,NULL,NULL,505,505,1,520
569,506,Lillipup,Puppy,4,41,55,45,60,45,25,45,55,1,NULL,NULL,NULL,506,506,1,521
570,507,Herdier,Loyal Dog,9,147,130,65,80,65,35,65,60,1,NULL,NULL,NULL,507,507,1,522
571,508,Stoutland,Big-Hearted,12,610,221,85,100,90,45,90,80,1,NULL,NULL,NULL,508,508,1,523
572,509,Purrloin,Devious,4,101,56,41,50,37,50,37,66,17,NULL,NULL,NULL,509,509,1,524
573,510,Liepard,Cruel,11,375,156,64,88,50,88,50,106,17,NULL,NULL,NULL,510,510,1,525
574,511,Pansage,Grass Monkey,6,105,63,50,53,48,53,48,64,12,NULL,NULL,NULL,511,511,1,526
575,512,Simisage,Thorn Monkey,11,305,174,75,98,63,98,63,101,12,NULL,NULL,NULL,512,512,1,527
576,513,Pansear,High Temp,6,110,63,50,53,48,53,48,64,10,NULL,NULL,NULL,513,513,1,528
577,514,Simisear,Ember,10,280,174,75,98,63,98,63,101,10,NULL,NULL,NULL,514,514,1,529
578,515,Panpour,Spray,6,135,63,50,53,48,53,48,64,11,NULL,NULL,NULL,515,515,1,530
579,516,Simipour,Geyser,10,290,174,75,98,63,98,63,101,11,NULL,NULL,NULL,516,516,1,531
580,517,Munna,Dream Eater,6,233,58,76,25,45,67,55,24,14,NULL,NULL,NULL,517,517,1,532
581,518,Musharna,Drowsing,11,605,170,116,55,85,107,95,29,14,NULL,NULL,NULL,518,518,1,533
582,519,Pidove,Tiny Pigeon,3,21,53,50,55,50,36,30,43,1,3,NULL,NULL,519,519,1,534
583,520,Tranquill,Wild Pigeon,6,150,125,62,77,62,50,42,65,1,3,NULL,NULL,520,520,1,535
584,521,Unfezant,Proud,12,290,215,80,105,80,65,55,93,1,3,NULL,NULL,521,521,1,536
585,522,Blitzle,Electrified,8,298,59,45,60,32,50,32,76,13,NULL,NULL,NULL,522,522,1,537
586,523,Zebstrika,Thunderbolt,16,795,174,75,100,63,80,63,116,13,NULL,NULL,NULL,523,523,1,538
587,524,Roggenrola,Mantle,4,180,56,55,75,85,25,25,15,6,NULL,NULL,NULL,524,524,1,539
588,525,Boldore,Ore,9,1020,137,70,105,105,50,40,20,6,NULL,NULL,NULL,525,525,1,540
589,526,Gigalith,Compressed,17,2600,227,85,135,130,60,70,25,6,NULL,NULL,NULL,526,526,1,541
590,527,Woobat,Bat,4,21,63,55,45,43,55,43,72,14,3,NULL,NULL,527,527,1,542
591,528,Swoobat,Courting,9,105,149,67,57,55,77,55,114,14,3,NULL,NULL,528,528,1,543
592,529,Drilbur,Mole,3,85,66,60,85,40,30,45,68,5,NULL,NULL,NULL,529,529,1,544
593,530,Excadrill,Subterrene,7,404,178,110,135,60,50,65,88,5,9,NULL,NULL,530,530,1,545
594,531,Audino,Hearing,11,310,390,103,60,86,60,86,50,1,NULL,NULL,NULL,531,531,1,546
595,532,Timburr,Muscular,6,125,61,75,80,55,25,35,35,2,NULL,NULL,NULL,532,532,1,547
596,533,Gurdurr,Muscular,12,400,142,85,105,85,40,50,40,2,NULL,NULL,NULL,533,533,1,548
597,534,Conkeldurr,Muscular,14,870,227,105,140,95,55,65,45,2,NULL,NULL,NULL,534,534,1,549
598,535,Tympole,Tadpole,5,45,59,50,50,40,50,40,64,11,NULL,NULL,NULL,535,535,1,550
599,536,Palpitoad,Vibration,8,170,134,75,65,55,65,55,69,11,5,NULL,NULL,536,536,1,551
600,537,Seismitoad,Vibration,15,620,225,105,85,75,85,75,74,11,5,NULL,NULL,537,537,1,552
601,538,Throh,Judo,13,555,163,120,100,85,30,85,45,2,NULL,NULL,NULL,538,538,1,553
602,539,Sawk,Karate,14,510,163,75,125,75,30,75,85,2,NULL,NULL,NULL,539,539,1,554
603,540,Sewaddle,Sewing,3,25,62,45,53,70,40,60,42,7,12,NULL,NULL,540,540,1,555
604,541,Swadloon,Leaf-Wrapped,5,73,133,55,63,90,50,80,42,7,12,NULL,NULL,541,541,1,556
605,542,Leavanny,Nurturing,12,205,221,75,103,80,70,70,92,7,12,NULL,NULL,542,542,1,557
606,543,Venipede,Centipede,4,53,52,30,45,59,30,39,57,7,4,NULL,NULL,543,543,1,558
607,544,Whirlipede,Curlipede,12,585,126,40,55,99,40,79,47,7,4,NULL,NULL,544,544,1,559
608,545,Scolipede,Megapede,25,2005,214,60,90,89,55,69,112,7,4,NULL,NULL,545,545,1,560
609,546,Cottonee,Cotton Puff,3,6,56,40,27,60,37,50,66,12,NULL,NULL,NULL,546,546,1,561
610,547,Whimsicott,Windveiled,7,66,168,60,67,85,77,75,116,12,NULL,NULL,NULL,547,547,1,562
611,548,Petilil,Bulb,5,66,56,45,35,50,70,50,30,12,NULL,NULL,NULL,548,548,1,563
612,549,Lilligant,Flowering,11,163,168,70,60,75,110,75,90,12,NULL,NULL,NULL,549,549,1,564
613,550,Basculin,Hostile,10,180,161,70,92,65,80,55,98,11,NULL,Red-Striped Form,red-striped,550,550,1,565
614,550,Basculin,Hostile,10,180,161,70,92,65,80,55,98,11,NULL,Blue-Striped Form,blue-striped,665,715,2,566
615,551,Sandile,Desert Croc,7,152,58,50,72,35,35,35,65,5,17,NULL,NULL,551,551,1,567
616,552,Krokorok,Desert Croc,10,334,123,60,82,45,45,45,74,5,17,NULL,NULL,552,552,1,568
617,553,Krookodile,Intimidation,15,963,229,95,117,70,65,70,92,5,17,NULL,NULL,553,553,1,569
618,554,Darumaka,Zen Charm,6,375,63,70,90,45,15,45,50,10,NULL,NULL,NULL,554,554,1,570
619,555,Darmanitan,Blazing,13,929,168,105,140,55,30,55,95,10,NULL,Standard Mode,standard,555,555,1,571
620,555,Darmanitan,Blazing,13,929,189,105,30,105,140,105,55,10,14,Zen Mode,zen,666,716,2,572
621,556,Maractus,Cactus,10,280,161,75,86,67,106,67,60,12,NULL,NULL,NULL,556,556,1,573
622,557,Dwebble,Rock Inn,3,145,65,50,65,85,35,35,55,7,6,NULL,NULL,557,557,1,574
623,558,Crustle,Stone Home,14,2000,166,70,95,125,65,75,45,7,6,NULL,NULL,558,558,1,575
624,559,Scraggy,Shedding,6,118,70,50,75,70,35,70,48,17,2,NULL,NULL,559,559,1,576
625,560,Scrafty,Hoodlum,11,300,171,65,90,115,45,115,58,17,2,NULL,NULL,560,560,1,577
626,561,Sigilyph,Avianoid,14,140,172,72,58,80,103,80,97,14,3,NULL,NULL,561,561,1,578
627,562,Yamask,Spirit,5,15,61,38,30,85,55,65,30,8,NULL,NULL,NULL,562,562,1,579
628,563,Cofagrigus,Coffin,17,765,169,58,50,145,95,105,30,8,NULL,NULL,NULL,563,563,1,580
629,564,Tirtouga,Prototurtle,7,165,71,54,78,103,53,45,22,11,6,NULL,NULL,564,564,1,581
630,565,Carracosta,Prototurtle,12,810,173,74,108,133,83,65,32,11,6,NULL,NULL,565,565,1,582
631,566,Archen,First Bird,5,95,71,55,112,45,74,45,70,6,3,NULL,NULL,566,566,1,583
632,567,Archeops,First Bird,14,320,177,75,140,65,112,65,110,6,3,NULL,NULL,567,567,1,584
633,568,Trubbish,Trash Bag,6,310,66,50,50,62,40,62,65,4,NULL,NULL,NULL,568,568,1,585
634,569,Garbodor,Trash Heap,19,1073,166,80,95,82,60,82,75,4,NULL,NULL,NULL,569,569,1,586
635,570,Zorua,Tricky Fox,7,125,66,40,65,40,80,40,65,17,NULL,NULL,NULL,570,570,1,587
636,571,Zoroark,Illusion Fox,16,811,179,60,105,60,120,60,105,17,NULL,NULL,NULL,571,571,1,588
637,572,Minccino,Chinchilla,4,58,60,55,50,40,40,40,75,1,NULL,NULL,NULL,572,572,1,589
638,573,Cinccino,Scarf,5,75,165,75,95,60,65,60,115,1,NULL,NULL,NULL,573,573,1,590
639,574,Gothita,Fixation,4,58,58,45,30,50,55,65,45,14,NULL,NULL,NULL,574,574,1,591
640,575,Gothorita,Manipulate,7,180,137,60,45,70,75,85,55,14,NULL,NULL,NULL,575,575,1,592
641,576,Gothitelle,Astral Body,15,440,221,70,55,95,95,110,65,14,NULL,NULL,NULL,576,576,1,593
642,577,Solosis,Cell,3,10,58,45,30,40,105,50,20,14,NULL,NULL,NULL,577,577,1,594
643,578,Duosion,Mitosis,6,80,130,65,40,50,125,60,30,14,NULL,NULL,NULL,578,578,1,595
644,579,Reuniclus,Multiplying,10,201,221,110,65,75,125,85,30,14,NULL,NULL,NULL,579,579,1,596
645,580,Ducklett,Water Bird,5,55,61,62,44,50,44,50,55,11,3,NULL,NULL,580,580,1,597
646,581,Swanna,White Bird,13,242,166,75,87,63,87,63,98,11,3,NULL,NULL,581,581,1,598
647,582,Vanillite,Fresh Snow,4,57,61,36,50,50,65,60,44,15,NULL,NULL,NULL,582,582,1,599
648,583,Vanillish,Icy Snow,11,410,138,51,65,65,80,75,59,15,NULL,NULL,NULL,583,583,1,600
649,584,Vanilluxe,Snowstorm,13,575,241,71,95,85,110,95,79,15,NULL,NULL,NULL,584,584,1,601
650,585,Deerling,Season,6,195,67,60,60,50,40,50,75,1,12,Spring Form,spring,585,585,1,602
651,585,Deerling,Season,6,195,67,60,60,50,40,50,75,1,12,Summer Form,summer,585,717,2,602
652,585,Deerling,Season,6,195,67,60,60,50,40,50,75,1,12,Autumn Form,autumn,585,718,3,602
653,585,Deerling,Season,6,195,67,60,60,50,40,50,75,1,12,Winter Form,winter,585,719,4,602
654,586,Sawsbuck,Season,19,925,166,80,100,70,60,70,95,1,12,Spring Form,spring,586,586,1,603
655,586,Sawsbuck,Season,19,925,166,80,100,70,60,70,95,1,12,Summer Form,summer,586,720,2,603
656,586,Sawsbuck,Season,19,925,166,80,100,70,60,70,95,1,12,Autumn Form,autumn,586,721,3,603
657,586,Sawsbuck,Season,19,925,166,80,100,70,60,70,95,1,12,Winter Form,winter,586,722,4,603
658,587,Emolga,Sky Squirrel,4,50,150,55,75,60,75,60,103,13,3,NULL,NULL,587,587,1,604
659,588,Karrablast,Clamping,5,59,63,50,75,45,40,45,60,7,NULL,NULL,NULL,588,588,1,605
660,589,Escavalier,Cavalry,10,330,173,70,135,105,60,105,20,7,9,NULL,NULL,589,589,1,606
661,590,Foongus,Mushroom,2,10,59,69,55,45,55,55,15,12,4,NULL,NULL,590,590,1,607
662,591,Amoonguss,Mushroom,6,105,162,114,85,70,85,80,30,12,4,NULL,NULL,591,591,1,608
663,592,Frillish,Floating,12,330,67,55,40,50,65,85,40,11,8,NULL,NULL,592,592,1,609
664,593,Jellicent,Floating,22,1350,168,100,60,70,85,105,60,11,8,NULL,NULL,593,593,1,610
665,594,Alomomola,Caring,12,316,165,165,75,80,40,45,65,11,NULL,NULL,NULL,594,594,1,611
666,595,Joltik,Attaching,1,6,64,50,47,50,57,50,65,7,13,NULL,NULL,595,595,1,612
667,596,Galvantula,EleSpider,8,143,165,70,77,60,97,60,108,7,13,NULL,NULL,596,596,1,613
668,597,Ferroseed,Thorn Seed,6,188,61,44,50,91,24,86,10,12,9,NULL,NULL,597,597,1,614
669,598,Ferrothorn,Thorn Pod,10,1100,171,74,94,131,54,116,20,12,9,NULL,NULL,598,598,1,615
670,599,Klink,Gear,3,210,60,40,55,70,45,60,30,9,NULL,NULL,NULL,599,599,1,616
671,600,Klang,Gear,6,510,154,60,80,95,70,85,50,9,NULL,NULL,NULL,600,600,1,617
672,601,Klinklang,Gear,6,810,234,60,100,115,70,85,90,9,NULL,NULL,NULL,601,601,1,618
673,602,Tynamo,EleFish,2,3,55,35,55,40,45,40,60,13,NULL,NULL,NULL,602,602,1,619
674,603,Eelektrik,EleFish,12,220,142,65,85,70,75,70,40,13,NULL,NULL,NULL,603,603,1,620
675,604,Eelektross,EleFish,21,805,232,85,115,80,105,80,50,13,NULL,NULL,NULL,604,604,1,621
676,605,Elgyem,Cerebral,5,90,67,55,55,55,85,55,30,14,NULL,NULL,NULL,605,605,1,622
677,606,Beheeyem,Cerebral,10,345,170,75,75,75,125,95,40,14,NULL,NULL,NULL,606,606,1,623
678,607,Litwick,Candle,3,31,55,50,30,55,65,55,20,8,10,NULL,NULL,607,607,1,624
679,608,Lampent,Lamp,6,130,130,60,40,60,95,60,55,8,10,NULL,NULL,608,608,1,625
680,609,Chandelure,Luring,10,343,234,60,55,90,145,90,80,8,10,NULL,NULL,609,609,1,626
681,610,Axew,Tusk,6,180,64,46,87,60,30,40,57,16,NULL,NULL,NULL,610,610,1,627
682,611,Fraxure,Axe Jaw,10,360,144,66,117,70,40,50,67,16,NULL,NULL,NULL,611,611,1,628
683,612,Haxorus,Axe Jaw,18,1055,243,76,147,90,60,70,97,16,NULL,NULL,NULL,612,612,1,629
684,613,Cubchoo,Chill,5,85,61,55,70,40,60,40,40,15,NULL,NULL,NULL,613,613,1,630
685,614,Beartic,Freezing,26,2600,170,95,110,80,70,80,50,15,NULL,NULL,NULL,614,614,1,631
686,615,Cryogonal,Crystallizing,11,1480,170,70,50,30,95,135,105,15,NULL,NULL,NULL,615,615,1,632
687,616,Shelmet,Snail,4,77,61,50,40,85,40,65,25,7,NULL,NULL,NULL,616,616,1,633
688,617,Accelgor,Shell Out,8,253,173,80,70,40,100,60,145,7,NULL,NULL,NULL,617,617,1,634
689,618,Stunfisk,Trap,7,110,165,109,66,84,81,99,32,5,13,NULL,NULL,618,618,1,635
690,619,Mienfoo,Martial Arts,9,200,70,45,85,50,55,50,65,2,NULL,NULL,NULL,619,619,1,636
691,620,Mienshao,Martial Arts,14,355,179,65,125,60,95,60,105,2,NULL,NULL,NULL,620,620,1,637
692,621,Druddigon,Cave,16,1390,170,77,120,90,60,90,48,16,NULL,NULL,NULL,621,621,1,638
693,622,Golett,Automaton,10,920,61,59,74,50,35,50,35,5,8,NULL,NULL,622,622,1,639
694,623,Golurk,Automaton,28,3300,169,89,124,80,55,80,55,5,8,NULL,NULL,623,623,1,640
695,624,Pawniard,Sharp Blade,5,102,68,45,85,70,40,40,60,17,9,NULL,NULL,624,624,1,641
696,625,Bisharp,Sword Blade,16,700,172,65,125,100,60,70,70,17,9,NULL,NULL,625,625,1,642
697,626,Bouffalant,Bash Buffalo,16,946,172,95,110,95,40,95,55,1,NULL,NULL,NULL,626,626,1,643
698,627,Rufflet,Eaglet,5,105,70,70,83,50,37,50,60,1,3,NULL,NULL,627,627,1,644
699,628,Braviary,Valiant,15,410,179,100,123,75,57,75,80,1,3,NULL,NULL,628,628,1,645
700,629,Vullaby,Diapered,5,90,74,70,55,75,45,65,60,17,3,NULL,NULL,629,629,1,646
701,630,Mandibuzz,Bone Vulture,12,395,179,110,65,105,55,95,80,17,3,NULL,NULL,630,630,1,647
702,631,Heatmor,Anteater,14,580,169,85,97,66,105,66,65,10,NULL,NULL,NULL,631,631,1,648
703,632,Durant,Iron Ant,3,330,169,58,109,112,48,48,109,7,9,NULL,NULL,632,632,1,649
704,633,Deino,Irate,8,173,60,52,65,50,45,50,38,17,16,NULL,NULL,633,633,1,650
705,634,Zweilous,Hostile,14,500,147,72,85,70,65,70,58,17,16,NULL,NULL,634,634,1,651
706,635,Hydreigon,Brutal,18,1600,270,92,105,90,125,90,98,17,16,NULL,NULL,635,635,1,652
707,636,Larvesta,Torch,11,288,72,55,85,55,50,55,60,7,10,NULL,NULL,636,636,1,653
708,637,Volcarona,Sun,16,460,248,85,60,65,135,105,100,7,10,NULL,NULL,637,637,1,654
709,638,Cobalion,Iron Will,21,2500,261,91,90,129,90,72,108,9,2,NULL,NULL,638,638,1,655
710,639,Terrakion,Cavern,19,2600,261,91,129,90,72,90,108,6,2,NULL,NULL,639,639,1,656
711,640,Virizion,Grassland,20,2000,261,91,90,72,90,129,108,12,2,NULL,NULL,640,640,1,657
712,641,Tornadus,Cyclone,15,630,261,79,115,70,125,80,111,3,NULL,Incarnate Forme,incarnate,641,641,1,658
713,641,Tornadus,Cyclone,14,630,261,79,100,80,110,90,121,3,NULL,Therian Forme,therian,668,728,2,659
714,642,Thundurus,Bolt Strike,15,610,261,79,115,70,125,80,111,13,3,Incarnate Forme,incarnate,642,642,1,660
715,642,Thundurus,Bolt Strike,30,610,261,79,105,70,145,80,101,13,3,Therian Forme,therian,669,729,2,661
716,643,Reshiram,Vast White,32,3300,306,100,120,100,150,120,90,16,10,NULL,NULL,643,643,1,662
717,644,Zekrom,Deep Black,29,3450,306,100,150,120,120,100,90,16,13,NULL,NULL,644,644,1,663
718,645,Landorus,Abundance,15,680,270,89,125,90,115,80,101,5,3,Incarnate Forme,incarnate,645,645,1,664
719,645,Landorus,Abundance,13,680,270,89,145,90,105,80,91,5,3,Therian Forme,therian,670,730,2,665
720,646,Kyurem,Boundary,30,3250,297,125,130,90,130,90,95,16,15,NULL,NULL,646,646,1,666
721,646,Kyurem,Boundary,33,3250,315,125,170,100,120,90,95,16,15,Black Kyurem,black,671,731,2,667
722,646,Kyurem,Boundary,36,3250,315,125,120,90,170,100,95,16,15,White Kyurem,white,672,732,3,668
723,647,Keldeo,Colt,14,485,261,91,72,90,129,90,108,11,2,Ordinary Form,ordinary,647,647,1,669
724,647,Keldeo,Colt,14,485,261,91,72,90,129,90,108,11,2,Resolute Form,resolute,673,733,2,670
725,648,Meloetta,Melody,6,65,270,100,77,77,128,128,90,1,14,Aria Forme,aria,648,648,1,671
726,648,Meloetta,Melody,6,65,270,100,128,90,77,77,128,1,2,Pirouette Forme,pirouette,667,723,2,672
727,649,Genesect,Paleozoic,15,825,270,71,120,95,120,95,99,7,9,NULL,NULL,649,649,1,673
728,649,Genesect,Paleozoic,15,825,270,71,120,95,120,95,99,7,9,Douse Drive,douse,649,724,2,673
729,649,Genesect,Paleozoic,15,825,270,71,120,95,120,95,99,7,9,Shock Drive,shock,649,725,2,673
730,649,Genesect,Paleozoic,15,825,270,71,120,95,120,95,99,7,9,Burn Drive,burn,649,726,2,673
731,649,Genesect,Paleozoic,15,825,270,71,120,95,120,95,99,7,9,Chill Drive,chill,649,727,2,673
